{
    "macros": [
        "ARM_UC_USE_PAL_BLOCKDEVICE=1",
        "MBED_CLOUD_CLIENT_UPDATE_STORAGE=ARM_UCP_FLASHIAP_BLOCKDEVICE"
    ],
    "target_overrides": {
        "*": {
            "client_app.pal-user-defined-configuration" : "\"pal_config_legacy_MbedOS.h\"",
            "target.features_add"               : ["BOOTLOADER", "STORAGE"],
            "target.components_add"             : ["SD"],
            "platform.stdio-baud-rate"          : 115200,
            "platform.stdio-convert-newlines"   : true,
            "platform.stdio-buffered-serial"    : true,
            "platform.stdio-flush-at-exit"      : true,
            "mbed-client.event-loop-size"       : 2048,
            "nanostack-hal.event_loop_thread_stack_size": 8192,
            "update-client.storage-address"     : "(1024*1024*64)",
            "update-client.storage-size"        : "(1024*1024*2)",
            "update-client.storage-locations"   : 1,
            "mbed-trace.enable": null,
            "nsapi.default-wifi-security"       : "WPA_WPA2",
            "nsapi.default-wifi-ssid"           : "\"SSID\"",
            "nsapi.default-wifi-password"       : "\"Password\""
        },
        "STM_EMAC": {
            "lwip.pbuf-pool-size" : 16,
            "lwip.mem-size"       : 12500
        },
        "UBLOX_EVK_ODIN_W2": {
            "target.bootloader_img"                 : "tools/mbed-bootloader-ublox_evk_odin_w2-block_device-sotp-v3.4.0.bin",
            "target.header_offset"                  : "0x10000",
            "target.app_offset"                     : "0x10400",
            "target.network-default-interface-type" : "WIFI",
            "update-client.bootloader-details"      : "0x08007300",
            "update-client.application-details"     : "(0x08000000+64*1024)",
            "mbed-cloud-client.external-sst-support": null,
            "client_app.sotp-section-1-address"     : "(0x08000000+32*1024)",
            "client_app.sotp-section-1-size"        : "(16*1024)",
            "client_app.sotp-section-2-address"     : "(0x08000000+48*1024)",
            "client_app.sotp-section-2-size"        : "(16*1024)",
            "target.lse_available"                  : 0,
            "target.macros_remove"                  : ["MBEDTLS_CONFIG_HW_SUPPORT"]
        }
    },
    "config": {
        "developer-mode": {
            "help"      : "Enable Developer mode to skip Factory enrollment",
            "options"   : [null, 1],
            "value"     : 1
        },
        "button-pinname": {
            "help"      : "PinName for button.",
            "value"     : "BUTTON1"
        },
        "led-pinname"   : {
            "help"      : "PinName for led, which is attached to led blink resource.",
            "value"     : "LED_RED"
        }
    }
}
