{
    "macros": [
        "MBED_BOOTLOADER_SIZE=(32*1024)",
        "ARM_UC_USE_PAL_BLOCKDEVICE=1"
    ],
    "target_overrides": {
        "*": {
            "target.features_add"                       : ["BOOTLOADER", "STORAGE"],
            "platform.stdio-baud-rate"                  : 115200,
            "platform.stdio-convert-newlines"           : true,
            "platform.stdio-buffered-serial"            : true,
            "platform.stdio-flush-at-exit"              : true,
            "mbed-cloud-client.external-sst-support"    : 1,
            "nanostack-hal.event_loop_thread_stack_size": 8192,
            "update-client.storage-locations"           : 1,
            "mbed-trace.enable"                         : null,
            "lwip.ipv4-enabled"                         : false,
            "lwip.ipv6-enabled"                         : true
        },
        "STM_EMAC": {
            "lwip.pbuf-pool-size"                       : 16,
            "lwip.mem-size"                             : 12500
        },
        "K64F": {
            "target.network-default-interface-type"     : "ETHERNET",
            "target.bootloader_img"                     : "tools/mbed-bootloader-k64f-block_device-kvstore-v4.0.0.bin",
            "target.header_offset"                      : "0xa000",
            "target.app_offset"                         : "0xa400",
            "target.components_add"                     : ["SD"],
            "update-client.bootloader-details"          : "0x00007188",
            "update-client.application-details"         : "(40*1024)",
            "update-client.storage-address"             : "(1024*1024*64)",
            "update-client.storage-size"                : "((MBED_ROM_START + MBED_ROM_SIZE - APPLICATION_ADDR) * MBED_CONF_UPDATE_CLIENT_STORAGE_LOCATIONS)",
            "mbed-cloud-client.update-storage"          : "ARM_UCP_FLASHIAP_BLOCKDEVICE",
            "storage_filesystem.internal_base_address"  : "(32*1024)",
            "storage_filesystem.rbp_internal_size"      : "(8*1024)",
            "storage_filesystem.external_base_address"  : "(0x0)",
            "storage_filesystem.external_size"          : "(1024*1024*64)",
            "storage.storage_type"                      : "FILESYSTEM",
            "storage_filesystem.filesystem"             : "LITTLE",
            "storage_filesystem.blockdevice"            : "SD"
        },
        "K66F": {
            "target.network-default-interface-type"     : "ETHERNET",
            "target.bootloader_img"                     : "tools/mbed-bootloader-k66f-internal_flash-no_rot-v4.0.0.bin",
            "target.header_offset"                      : "0x8000",
            "target.app_offset"                         : "0x8400",
            "update-client.bootloader-details"          : "0x4D58",
            "update-client.application-details"         : "(32*1024)",
            "update-client.storage-address"             : "(MBED_CONF_STORAGE_TDB_INTERNAL_INTERNAL_BASE_ADDRESS+MBED_CONF_STORAGE_TDB_INTERNAL_INTERNAL_SIZE)",
            "update-client.storage-size"                : "(1024*1024-MBED_CONF_STORAGE_TDB_INTERNAL_INTERNAL_SIZE)",
            "update-client.storage-page"                : 8,
            "mbed-cloud-client.update-storage"          : "ARM_UCP_FLASHIAP",
            "storage.storage_type"                      : "TDB_INTERNAL",
            "storage_tdb_internal.internal_base_address": "(1024*1024)",
            "storage_tdb_internal.internal_size"        : "(96*1024)"
        },
        "NUCLEO_F429ZI": {
            "target.network-default-interface-type"     : "ETHERNET",
            "target.bootloader_img"                     : "tools/mbed-bootloader-nucleo_f429zi-internal_flash-no_rot-v4.0.0.bin",
            "target.header_offset"                      : "0x8000",
            "target.app_offset"                         : "0x8400",
            "update-client.bootloader-details"          : "0x080078CC",
            "update-client.application-details"         : "(MBED_ROM_START + MBED_BOOTLOADER_SIZE)",
            "update-client.storage-address"             : "(MBED_CONF_STORAGE_TDB_INTERNAL_INTERNAL_BASE_ADDRESS+MBED_CONF_STORAGE_TDB_INTERNAL_INTERNAL_SIZE)",
            "update-client.storage-size"                : "(1024*1024-MBED_CONF_STORAGE_TDB_INTERNAL_INTERNAL_SIZE)",
            "update-client.storage-page"                : 1,
            "mbed-cloud-client.update-storage"          : "ARM_UCP_FLASHIAP",
            "storage_tdb_internal.internal_base_address": "(MBED_ROM_START+1024*1024)",
            "storage_tdb_internal.internal_size"        : "(128*1024)",
            "storage.storage_type"                      : "TDB_INTERNAL"
        },
        "UBLOX_EVK_ODIN_W2": {
            "target.network-default-interface-type"     : "ETHERNET",
            "target.bootloader_img"                     : "tools/mbed-bootloader-ublox_evk_odin_w2-block_device-kvstore-v4.0.0.bin",
            "target.header_offset"                      : "0x10000",
            "target.app_offset"                         : "0x10400",
            "target.components_add"                     : ["SD"],
            "update-client.bootloader-details"          : "0x08007300",
            "update-client.application-details"         : "(0x08000000+64*1024)",
            "update-client.storage-address"             : "(1024*1024*64)",
            "update-client.storage-size"                : "((MBED_ROM_START + MBED_ROM_SIZE - APPLICATION_ADDR) * MBED_CONF_UPDATE_CLIENT_STORAGE_LOCATIONS)",
            "mbed-cloud-client.update-storage"          : "ARM_UCP_FLASHIAP_BLOCKDEVICE",
            "storage_filesystem.internal_base_address"  : "(0x08000000+32*1024)",
            "storage_filesystem.rbp_internal_size"      : "(32*1024)",
            "storage_filesystem.external_base_address"  : "(0x0)",
            "storage_filesystem.external_size"          : "(1024*1024*64)",
            "storage.storage_type"                      : "FILESYSTEM",
            "storage_filesystem.filesystem"             : "LITTLE",
            "storage_filesystem.blockdevice"            : "SD",
            "target.macros_remove"                      : ["MBEDTLS_CONFIG_HW_SUPPORT"]
        }
    },
    "config": {
        "developer-mode": {
            "help"      : "Enable Developer mode to skip Factory enrollment",
            "options"   : [null, 1],
            "value"     : 1
        },
        "button-pinname": {
            "help"      : "PinName for button.",
            "value"     : "BUTTON1"
        },
        "led-pinname"   : {
            "help"      : "PinName for led, which is attached to led blink resource.",
            "value"     : "LED_RED"
        }
    }
}
