{
    "macros": [
        "ARM_UC_USE_PAL_BLOCKDEVICE=1"
    ],
    "target_overrides": {
        "*": {
            "target.features_add"                       : ["BOOTLOADER", "STORAGE"],
            "platform.stdio-baud-rate"                  : 115200,
            "platform.stdio-convert-newlines"           : true,
            "platform.stdio-buffered-serial"            : true,
            "platform.stdio-flush-at-exit"              : true,
            "mbed-client.reconnection-count"            : 6,
            "mbed-client-pal.pal-dns-api-version"       : 2,
            "mbed-client.sn-coap-blockwise-max-time-data-stored": 120,
            "mbed-cloud-client.external-sst-support"    : 1,
            "client_app.pal_dtls_peer_min_timeout"      : "10000",
            "nanostack-hal.event_loop_thread_stack_size": 8192,
            "update-client.storage-locations"           : 1,
            "mbed-trace.enable"                         : null,
            "mbed-mesh-api.6lowpan-nd-channel"          : 12,
            "mbed-mesh-api.6lowpan-nd-panid-filter"     : "0xFFFF",
            "mbed-mesh-api.6lowpan-nd-security-mode"    : "NONE",
            "nsapi.default-mesh-type"                   : "LOWPAN",
            "nanostack.configuration"                   : "lowpan_router",
            "atmel-rf.provide-default"                  : true,
            "target.device_has_add"                     : ["802_15_4_PHY"]
        },
        "K64F": {
            "target.network-default-interface-type"     : "MESH",
            "target.bootloader_img"                     : "tools/mbed-bootloader-k64f-block_device-kvstore-v4.0.0.bin",
            "target.header_offset"                      : "0xa000",
            "target.app_offset"                         : "0xa400",
            "target.components_add"                     : ["SD"],
            "update-client.bootloader-details"          : "0x00007188",
            "update-client.application-details"         : "(40*1024)",
            "update-client.storage-address"             : "(1024*1024*64)",
            "update-client.storage-size"                : "((MBED_ROM_START + MBED_ROM_SIZE - APPLICATION_ADDR) * MBED_CONF_UPDATE_CLIENT_STORAGE_LOCATIONS)",
            "mbed-cloud-client.update-storage"          : "ARM_UCP_FLASHIAP_BLOCKDEVICE",
            "storage_filesystem.internal_base_address"  : "(32*1024)",
            "storage_filesystem.rbp_internal_size"      : "(8*1024)",
            "storage_filesystem.external_base_address"  : "(0x0)",
            "storage_filesystem.external_size"          : "(1024*1024*64)",
            "storage.storage_type"                      : "FILESYSTEM",
            "storage_filesystem.filesystem"             : "LITTLE",
            "storage_filesystem.blockdevice"            : "SD"
        }
    },
    "config": {
        "developer-mode": {
            "help"      : "Enable Developer mode to skip Factory enrollment",
            "options"   : [null, 1],
            "value"     : 1
        },
        "button-pinname": {
            "help"      : "PinName for button.",
            "value"     : "BUTTON1"
        },
        "led-pinname"   : {
            "help"      : "PinName for led, which is attached to led blink resource.",
            "value"     : "LED_RED"
        }
    }
}
